customer_id,store_id
cus_aduytjr68y,sto_xwjzpagm9u
cus_cm8yr33xza,sto_emaphfmi7i
cus_6hlhknrauj,sto_4kmdyqfx90
cus_2x9ro5t7i7,sto_vxrr93bs9m
cus_80rur0416o,sto_wejnee9j7n
cus_9s85l27pvh,sto_crv59ea1fw
cus_l7pi08ks4o,sto_hw17dxhap4
cus_06gw9va0kl,sto_anur0l89hg
cus_uhm6bimzio,sto_xcx4vviwwt
cus_gin3two4dy,sto_klgxewwh77
cus_s7a480uhrw,sto_z4ogtjepi4
cus_92pjqvb3sj,sto_lahqud14vi
cus_txfrppof6m,sto_1jj9hogk52
cus_d52g6edgpk,sto_gfs0bv96l2
cus_e2yc53t3co,sto_8byz46rxnx
cus_njqo278iqb,sto_ugpruhujg9
cus_z13i1pxvtn,sto_c5uaz096u3
cus_5jbgaokt6t,sto_0kf1cofo9q
cus_j59lyiqnxc,sto_49c7e3hgnq
cus_prnjjfcvbl,sto_axhreoev07
cus_am5yerjs73,sto_o9me83uhgl
cus_5kv3afnco4,sto_iwz1hkk4mp
cus_svg08e89w9,sto_01oysq6a0j
cus_db8ddfqdvu,sto_23cg2fj4hf
cus_lg1m6mdyt8,sto_ps84hjq3t0
cus_i3wkovql87,sto_5j9xhyzlz8
cus_a5dxglv8u2,sto_es11g90vkj
cus_q1qdfoxh04,sto_lb2snwe1tj
cus_irbvtdmtfo,sto_8eykvfamsv
cus_h399c032pt,sto_nd9wt34bpk
cus_pur4bxfqzb,sto_9i1gnr5awk
cus_zab6k3707g,sto_c7ugwdw3ky
cus_b3cb328vr7,sto_3fkhqaa3tw
cus_3btpdmnink,sto_xpfr9m7vgr
cus_j3gfqmdz5c,sto_m3va2zhww7
cus_kt2bd5uqm5,sto_pwofgoxcnu
cus_c44a1weapk,sto_sm494w4pvi
cus_9pl3dhhuh2,sto_n5zhnoqrzp
cus_onj0089km8,sto_5y7n95ml66
cus_uly1rjceln,sto_waoinzqtg1
cus_56f3f4bz5e,sto_l7s0csa4n6
cus_plouuyqh36,sto_lahqud14vi
cus_b61za8tm4w,sto_5q684tpflq
cus_lfx76gn9pw,sto_lj5lbbs9fo
cus_r2gdy6xwuu,sto_xbgltdb3dt
cus_0qzs6g4obb,sto_x42sbyvahb
cus_q7ykigkdz7,sto_93vb71duqt
cus_p3pf6otlx5,sto_gm8zymmi3w
cus_6lohd0nosn,sto_ioryng2bdh
cus_gf7xyyoc9b,sto_waoinzqtg1
cus_v15yawe8ko,sto_briavur0qj
cus_edji6f0172,sto_ao2h7lzrhi
cus_5vo0jykhuh,sto_oxu6tfh4g9
cus_xwxmeoxkqh,sto_6jrpks1ax4
cus_x0gx0cvv2j,sto_vkj9rkpycb
cus_qg8cmfqb6w,sto_93vb71duqt
cus_6yn83i3ghg,sto_gm8zymmi3w
cus_0yx17j9ocl,sto_5qrgn5j0fa
cus_6zfc0nkqpa,sto_z69xdio6ez
cus_fo6gh3gncz,sto_tesirc1cml
cus_7332ydahbq,sto_cru3wicztw
cus_wu2e5uigro,sto_sqztciv77s
cus_ypt7e6agdd,sto_y38jmdvknj
cus_m8rkm4fkuz,sto_l7z99rye0l
cus_oxrh812bra,sto_tesirc1cml
cus_bn1ut77d1a,sto_bbb49hh7uo
cus_hp4gebdj8a,sto_emaphfmi7i
cus_czqh3h2rxi,sto_xzgawbkgnm
cus_tmse9x7hdh,sto_2kufsnrbtb
cus_i44gymergo,sto_a0c0n2trv3
cus_64isf951j8,sto_p6p9g21pb2
cus_x7i07o0050,sto_9i1gnr5awk
cus_zqp8z3nr1p,sto_xptll07z42
cus_bt3ia0it08,sto_1205itw5bi
cus_6mnag671gx,sto_ugpruhujg9
cus_ox0cjl2hjq,sto_1bx4b15gjd
cus_iodughtgfi,sto_tpsiqjcrk0
cus_n92c4xx98y,sto_zo6jepi3ov
cus_uo7icjopma,sto_tw40udpi4w
cus_6hp8n0a38j,sto_xx6mgtzx2z
cus_4l875l1sxt,sto_gwyo0criey
cus_vk1tegv2l2,sto_4gp0mvwsfl
cus_98vrvs7ijs,sto_w4qfaleccd
cus_i13yrzs09d,sto_o9me83uhgl
cus_zc9gjdgv3v,sto_49c7e3hgnq
cus_2kpfm6hk66,sto_er5ozcaqjo
cus_0r5xvccn5i,sto_waoinzqtg1
cus_pyem4uiuij,sto_44t0s1nflg
cus_lkt6ganuhq,sto_gfs0bv96l2
cus_obm21h8xg1,sto_9i1gnr5awk
cus_vzqfkb5z45,sto_dpr1ehqs6v
cus_8bc6guypwq,sto_es11g90vkj
cus_6rwic8xfsn,sto_iwz1hkk4mp
cus_cfq9vdj5dm,sto_9i1gnr5awk
cus_sz34lswjoq,sto_tempcaf0ax
cus_mxp3odj5u2,sto_dpr1ehqs6v
cus_3g2jvqreq7,sto_blewh3lc3t
cus_dhzy9kc1yv,sto_55le1127qn
cus_md1sc0kf42,sto_5ic69ng1o3
cus_hki4agjim0,sto_c5uaz096u3
cus_rpd3tl1ai6,sto_z69xdio6ez
cus_aiviebnl2p,sto_gm8zymmi3w
cus_i5xttetpsl,sto_t79uorvfp1
cus_q70z7uc92s,sto_wejnee9j7n
cus_ulw1lb3lrx,sto_8oaii5s00k
cus_lrfhog2ym5,sto_fbmvmnnqtc
cus_lyspl89x69,sto_upi2thngqj
cus_d8hhgy8ork,sto_gf5iz0rx8x
cus_32w7spfoi2,sto_4gp0mvwsfl
cus_b6wmtgqu13,sto_anur0l89hg
cus_wuaq5xg89n,sto_lj5lbbs9fo
cus_lwnyv2hk3v,sto_vkj9rkpycb
cus_ouymgrlzeh,sto_ks3d1kdpz1
cus_9evwhs7fqq,sto_sm494w4pvi
cus_o4vysgbovg,sto_e6j1blf5dj
cus_wb6rgxklra,sto_9emfhiqb8j
cus_a0ia1lpg8w,sto_5qrgn5j0fa
cus_8phpf9418q,sto_qmi14gg9is
cus_3iwalq6vjz,sto_tg3k7a6tkb
cus_nyks10kvy3,sto_5j9xhyzlz8
cus_sgfir4fvi4,sto_0cjqvq2935
cus_vu82u8wwrw,sto_z61qsywspy
cus_atpiyygp84,sto_ogie74w94t
cus_at0axek82w,sto_z61qsywspy
cus_j34xnkaztb,sto_anur0l89hg
cus_6qflocvu80,sto_er5ozcaqjo
cus_fkq94m2t8a,sto_k68r44kg3r
cus_m0ct1fi6dm,sto_nd9wt34bpk
cus_aya5sqltv4,sto_fwzexmnsbz
cus_7wsbbl1k2u,sto_4gp0mvwsfl
cus_22lb6jkphd,sto_v13h1uip1a
cus_1qrehe8wvb,sto_z69xdio6ez
cus_9c1wiswmie,sto_0qrql47cfh
cus_3w6umlvdi4,sto_ao2h7lzrhi
cus_b9k297ilue,sto_dczbsvf5er
cus_gcosctoknd,sto_w4qfaleccd
cus_8hu8d9ncth,sto_b3sja8q77p
cus_natn1iwp0h,sto_ogie74w94t
cus_1r7bxjhec6,sto_nd9wt34bpk
cus_3gumybbboo,sto_l7s0csa4n6
cus_rez3neuhfz,sto_fbmvmnnqtc
cus_d3800ek8ke,sto_4kmdyqfx90
cus_z66wg5ipi1,sto_3fkhqaa3tw
cus_wlilis96mb,sto_xwjzpagm9u
cus_ymm60svqbl,sto_9emfhiqb8j
cus_61zy1440a8,sto_9i1gnr5awk
cus_6ai6oo2urp,sto_9i1gnr5awk
cus_20oi1buk5v,sto_wejnee9j7n
cus_8p4j9uh6v3,sto_17x9fxl43s
cus_wozpj91z4r,sto_klhkj2o7af
cus_q5e29k6d6a,sto_tg3k7a6tkb
cus_uq72cx7b4g,sto_8byz46rxnx
cus_2kysk86e8c,sto_zfjrouln7v
cus_4ld5x9bely,sto_caz02513zv
cus_xyrt622vl7,sto_osa3qx201k
cus_dejvyajo4q,sto_l907zvugg4
cus_leiq2qnt0t,sto_x0tsssca53
cus_wis5lb9uk1,sto_ezbl88253p
cus_leo5q9niqg,sto_6wenwlqmp0
cus_5fpbjdez3b,sto_i0jdbx9jvs
cus_rgwto1ccl7,sto_4wef9q0j1b
cus_9hi8xx8kfy,sto_nd9wt34bpk
cus_ailm254zxo,sto_ao2h7lzrhi
cus_f24pjd2hka,sto_z61qsywspy
cus_w3o2xikozx,sto_1205itw5bi
cus_vri25lqyny,sto_er5ozcaqjo
cus_0mjimgn9em,sto_e6j1blf5dj
cus_t1ouqfyjns,sto_a0c0n2trv3
cus_k5j722vnbl,sto_v4ce6nkt4p
cus_valldqsaq7,sto_x0tsssca53
cus_g6ff5123ve,sto_rkus0lbfny
cus_2bjtr89rly,sto_9emfhiqb8j
cus_9tkt6jyjx6,sto_gfs0bv96l2
cus_7oxojev4wk,sto_xcx4vviwwt
cus_j8vv0aek6p,sto_0faach450p
cus_312pahd9rs,sto_9i1gnr5awk
cus_9izbc1tsso,sto_tempcaf0ax
cus_famchw1677,sto_tg3k7a6tkb
cus_yag1q3a19r,sto_9i1gnr5awk
cus_b6grgdqsem,sto_upi2thngqj
cus_ldy4o1k2eb,sto_kjdf5dij1m
cus_tv0ut59ch3,sto_caz02513zv
cus_dgxi78iold,sto_hmjnxpk3b7
cus_qi43ruq8qq,sto_toamyk0qv2
cus_ymxouln1y1,sto_wejnee9j7n
cus_49p2kz03cj,sto_bgfzd32a6z
cus_5eiz8epm3k,sto_bgfzd32a6z
cus_3udq64f60y,sto_6694p3pk9z
cus_sbanovq56a,sto_qln5a86jnj
cus_s8dkcb9wk8,sto_kwylw6uin0
cus_2gsfypwk6h,sto_v4ce6nkt4p
cus_9y8mf8dpkx,sto_2kufsnrbtb
cus_nh34fxaufo,sto_0ol7dpjrqg
cus_5r5lk7bvuf,sto_8oaii5s00k
cus_fldgl3igv0,sto_0qrql47cfh
cus_8xn9mk5eqb,sto_4y2qublc92
cus_5weh0bgvgi,sto_ahgjxzc77w
cus_8x9rzovyyy,sto_pz3z7tw53z
cus_ygxsvwttg7,sto_k4lzu7cyfw
cus_khky4zj6g9,sto_7d8xsg3wfe
cus_top8u87ai3,sto_2kufsnrbtb
cus_urvzl49bpw,sto_e6j1blf5dj
cus_8f9vk7umr3,sto_t79uorvfp1
cus_xa1ddnkwld,sto_tfzvoeehi1
cus_ajgbw7llph,sto_ldw6w5stg5
cus_fok3jwriif,sto_x42sbyvahb
cus_plbqzie13q,sto_eucl6sglko
cus_sfdnp54eqd,sto_0vmku5flgk
cus_xf3k0ixtm1,sto_i6ydtgfgfb
cus_458sgc34i7,sto_tw40udpi4w
cus_v006f05vm5,sto_fwzexmnsbz
cus_038ma0vxw8,sto_0vmku5flgk
cus_i0gxpwgv2t,sto_pz3z7tw53z
cus_f40iy6m0sp,sto_caz02513zv
cus_ndvau3072d,sto_ifga3v69e0
cus_g6l6xa7qv0,sto_5y7n95ml66
cus_oowl0i2ual,sto_iert1smrrm
cus_a0xx78jx0g,sto_l7s0csa4n6
cus_n8o5i665ue,sto_w4qfaleccd
cus_k2h0lg8fs9,sto_ahgjxzc77w
cus_pk91w88qdg,sto_e6j1blf5dj
cus_rw19su8bqk,sto_i0mvksx2y2
cus_m1qx7nfvtw,sto_x0tsssca53
cus_5vwt7qoua7,sto_kxfxbogz67
cus_2btmhwkw91,sto_brsm2bhtjx
cus_qha2cm6ww7,sto_ln6ywg6guk
cus_zehqyw17hs,sto_rkus0lbfny
cus_mzfmw9qam1,sto_m9lgsvebke
cus_nngritu9yb,sto_osa3qx201k
cus_3hy33m4592,sto_9emfhiqb8j
cus_7szetn2cty,sto_y58iyyh72b
cus_e2bf9a40sa,sto_kxfxbogz67
cus_4rg585a6lx,sto_er5ozcaqjo
cus_do5xwyzufv,sto_j5uhi9revn
cus_k346l0nahh,sto_yw9r3fox2p
cus_2zztg5rv25,sto_j5uhi9revn
cus_t4h9hin6o3,sto_e6j1blf5dj
cus_34eskj96xo,sto_lahqud14vi
cus_20t9n9x92o,sto_p6p9g21pb2
cus_e6a7hxw9mr,sto_anur0l89hg
cus_jdg9vlxhtr,sto_blewh3lc3t
cus_ywrknvoees,sto_23cg2fj4hf
cus_7pu5sx8rnv,sto_l7z99rye0l
cus_3ll3c501ry,sto_x0tsssca53
cus_o0o3kn1hkn,sto_briavur0qj
cus_vyj9xf6vtk,sto_ilxt8871er
cus_88aznbeou2,sto_tesirc1cml
cus_u9n6whtadn,sto_lahqud14vi
cus_vlyggfswjh,sto_ln6ywg6guk
cus_9gchm4mzbc,sto_axhreoev07
cus_obqkefcw5d,sto_4zdpka8o5j
cus_2q48uw4aka,sto_tpsiqjcrk0
cus_gmtf3f78t3,sto_8x11tee8h3
cus_6x4pp09voa,sto_y58iyyh72b
cus_169o4fdtdj,sto_ioryng2bdh
cus_g0f490mkih,sto_pz3z7tw53z
cus_jbx87kae0g,sto_0kf1cofo9q
cus_a5qrdmevzd,sto_ahgjxzc77w
cus_weimidznb4,sto_7d8xsg3wfe
cus_zbb1wgv9a7,sto_e25pc6ki12
cus_d846ek5af1,sto_kjdf5dij1m
cus_qk0lm48y39,sto_xzlro9zjxu
cus_u910ljz2fy,sto_ioryng2bdh
cus_hkqmossj1y,sto_5q684tpflq
cus_o8p0exb865,sto_129cmbiebx
cus_5pwzeg7jvu,sto_ao2h7lzrhi
cus_symsg4bdaw,sto_0ol7dpjrqg
cus_qv8hgayx6k,sto_gwyo0criey
cus_52ah248g45,sto_ozx6cioy4q
cus_3l8jzewi63,sto_j5uhi9revn
cus_6bdz38j4ou,sto_crv59ea1fw
cus_fajbiqpbp8,sto_axhreoev07
cus_1mfyzobv1q,sto_tg3k7a6tkb
cus_wo73apyw67,sto_8f29aomi9l
cus_ipelewh8pt,sto_pwofgoxcnu
cus_13kqjx4kh4,sto_ozx6cioy4q
cus_6icm1xjo1a,sto_k8y9dmddhi
cus_md3ct80lp5,sto_0qrql47cfh
cus_6p204x4i9f,sto_8x11tee8h3
cus_3zghkcd6te,sto_fbmvmnnqtc
cus_7nmx3kimm5,sto_49c7e3hgnq
cus_gka1hoevtd,sto_emaphfmi7i
cus_yp02lgxe6f,sto_xwjzpagm9u
cus_hvnim5n8y4,sto_ogie74w94t
cus_tgjfyfqvw2,sto_klhkj2o7af
cus_g8tz22g7em,sto_ch31dcssue
cus_f5966srnu7,sto_4zdpka8o5j
cus_4qgugavvw1,sto_17x9fxl43s
cus_3jlpumd3zn,sto_3fkhqaa3tw
cus_y0nbb6b7y0,sto_z61qsywspy
cus_zvgm11x86i,sto_i0jdbx9jvs
cus_cbvuxn6qum,sto_ezbl88253p
cus_kb1coxhf58,sto_o9me83uhgl
cus_m1d4a3hn17,sto_xzlro9zjxu
cus_dx0kw5dsg6,sto_tw40udpi4w
cus_nmfsi8zd10,sto_emaphfmi7i
cus_gi7hjahqr7,sto_ugpruhujg9
cus_8cld9i8cyz,sto_i0mvksx2y2
cus_01sxy7opdz,sto_8x11tee8h3
cus_z19j6h9ut7,sto_x42sbyvahb
cus_15liombtno,sto_o9me83uhgl
cus_2uju8qdn5r,sto_a0c0n2trv3
cus_75n97f8ot1,sto_i0jdbx9jvs
cus_uxj9ivpxdw,sto_xwjzpagm9u
cus_vb1st1x0bg,sto_fwzexmnsbz
cus_ak43mxrmq3,sto_sm494w4pvi
cus_slzrlbtfaz,sto_l7z99rye0l
cus_g56jo4x2rg,sto_twe4c4274m
cus_7nt24swgf8,sto_upi2thngqj
cus_2my7sdx6bb,sto_waoinzqtg1
cus_nk71v64nix,sto_0kf1cofo9q
cus_2e0h2lhuin,sto_he9szri5wp
cus_a4p0kb4xcd,sto_1205itw5bi
cus_3cdmnjnqvu,sto_xpfr9m7vgr
cus_ycs5oxij5g,sto_5j9xhyzlz8
cus_0oujwefv1s,sto_1jj9hogk52
cus_ngo5vusmvj,sto_xpfr9m7vgr
cus_xhhsr625h5,sto_brsm2bhtjx
cus_lvtzq74rcr,sto_t79uorvfp1
cus_tu839dog56,sto_9emfhiqb8j
cus_mqfdoh73wi,sto_zfjrouln7v
cus_xhfym7yri6,sto_xiqwlde4gk
cus_fnfrz99kro,sto_blewh3lc3t
cus_3yplnm39pa,sto_xbgltdb3dt
cus_20mq1texi6,sto_eljrobpi2p
cus_70628tsey2,sto_xwjzpagm9u
cus_zbofaipnjs,sto_igmqef0ha8
cus_hlf8ff8k0z,sto_kjdf5dij1m
cus_1hyspzolxm,sto_ew9ip4t52j
cus_qmqakt48f8,sto_ozx6cioy4q
cus_1apl1ohd43,sto_vxrr93bs9m
cus_8fu3ph06lw,sto_gfs0bv96l2
cus_ag9yul5paz,sto_hmjnxpk3b7
cus_nftcl6asbw,sto_oxu6tfh4g9
cus_h7dh0z6cij,sto_0cjqvq2935
cus_2urquc0522,sto_tfzvoeehi1
cus_zi0lpb0ibg,sto_he9szri5wp
cus_hfso130j4a,sto_29p72ww9mo
cus_5pfbbcsdrr,sto_qln5a86jnj
cus_uu3qeeiknf,sto_5eruramlz9
cus_nh3aym0yd4,sto_8eykvfamsv
cus_rqklcofe4h,sto_ifnqk1g622
cus_jcl1l3suqn,sto_4kmdyqfx90
cus_k2gagnp8pu,sto_tpsiqjcrk0
cus_mr2ui4q4xf,sto_v2svk9sdof
cus_54ricgzm72,sto_tg3k7a6tkb
cus_6e9ojd5xtd,sto_epsi0jyli0
cus_kkpa6gcga6,sto_0qrql47cfh
cus_gdrnoyrdbz,sto_w4qfaleccd
cus_tofmpbae34,sto_xpfr9m7vgr
cus_5cce8v5whd,sto_l7z99rye0l
cus_f0s2fc5p6b,sto_eucl6sglko
cus_z81kxpyw8y,sto_lzkji0j5e1
cus_6vjav5w3wl,sto_0vmku5flgk
cus_sg0zr1kbq2,sto_4kmdyqfx90
cus_5or106jx70,sto_ao2h7lzrhi
cus_tyzum6j16k,sto_ye53nqj7st
cus_nt9tho6slq,sto_d8bjt4q0er
cus_6t4ssmak0a,sto_z4ogtjepi4
cus_oryas7jlb5,sto_ilxt8871er
cus_ztfgbqz47r,sto_w4qfaleccd
cus_newatbajem,sto_y38jmdvknj
cus_dx099b5qll,sto_ifga3v69e0
cus_uhvjt1y1dz,sto_d8bjt4q0er
cus_ms7pdtz3fm,sto_5xe8ut3vjf
cus_9q086rt64s,sto_1bx4b15gjd
cus_6q69e0gndr,sto_207mrnu549
cus_7p0tsawi1t,sto_6jrpks1ax4
cus_pm6cop3yna,sto_crv59ea1fw
cus_62haxajruj,sto_ogie74w94t
cus_viiu4bx6ka,sto_lzkji0j5e1
cus_hiuv2cyrk3,sto_ttja06ns0x
cus_yk7x5cyttq,sto_sqztciv77s
cus_trn7p5hpd8,sto_es11g90vkj
cus_1nebxcwk8a,sto_ioryng2bdh
cus_ffz8myvqnc,sto_6694p3pk9z
cus_d81bdl73u1,sto_ye53nqj7st
cus_e6750cd99c,sto_ehcmsbb79o
cus_a0c93ajcc7,sto_xwjzpagm9u
cus_tks0xfasj5,sto_z61qsywspy
cus_9bnmq02myx,sto_17x9fxl43s
cus_9wz9fpj0bj,sto_1205itw5bi
cus_himh0u723p,sto_bxblvepght
cus_a23votw4q8,sto_xwjzpagm9u
cus_b4z4hplsma,sto_8f29aomi9l
cus_md4h0hxv2i,sto_a0c0n2trv3
cus_qa5tay0wr4,sto_bgfzd32a6z
cus_1ulx6q6p01,sto_z61qsywspy
cus_9g7adztm8j,sto_5j9xhyzlz8
cus_hrqe34xq78,sto_8f29aomi9l
cus_ok7ho9wz7k,sto_eljrobpi2p
cus_lhhejcvydh,sto_tw40udpi4w
cus_3ioamdpan0,sto_hw17dxhap4
cus_z5bp1zkw34,sto_e25pc6ki12
cus_bt2jr4d0r4,sto_xwjzpagm9u
cus_gsbn91c20c,sto_anur0l89hg
cus_3rhjvxcnx0,sto_twe4c4274m
cus_74022ln0br,sto_rkus0lbfny
cus_mi2jt2fzvz,sto_bbb49hh7uo
cus_qa4izfb0a3,sto_sqztciv77s
cus_r7ua57ne95,sto_wejnee9j7n
cus_i8ykm3753r,sto_ezbl88253p
cus_cg7h5negjt,sto_waoinzqtg1
cus_u12fcq6j61,sto_klhkj2o7af
cus_wjhp5yopq0,sto_m9lgsvebke
cus_zhk0ikg139,sto_toamyk0qv2
cus_i8mdjzcq0v,sto_lj5lbbs9fo
cus_9h6z4k22oo,sto_002dogti2k
cus_g26p7ug2ig,sto_es11g90vkj
cus_n3x7ha7t4o,sto_ch31dcssue
cus_o7evl42vh1,sto_y0fh86w8dm
cus_ukkwm0w6z9,sto_p6p9g21pb2
cus_6pjqwa2yfj,sto_tesirc1cml
cus_nws4sam7q5,sto_m3va2zhww7
cus_7612xpmzgn,sto_dczbsvf5er
cus_5k5kt7vw2l,sto_tfzvoeehi1
cus_424l80o3g9,sto_ezbl88253p
cus_xrx5l1kcc2,sto_toamyk0qv2
cus_54autkjcn4,sto_6jrpks1ax4
cus_8if2vcb1ei,sto_x42sbyvahb
cus_5qk8r9sy4w,sto_v4ce6nkt4p
cus_n08m9x6giu,sto_he9szri5wp
cus_5byakpwo0p,sto_x0tsssca53
cus_6haszcxvai,sto_ew9ip4t52j
cus_6w78j5bgxc,sto_4zdpka8o5j
cus_l90a950465,sto_xcx4vviwwt
cus_dy2ineq5fe,sto_2kufsnrbtb
cus_21jwsd5t19,sto_xh889j593o
cus_wcxbr530na,sto_1205itw5bi
cus_ahqanm3mcv,sto_6jrpks1ax4
cus_8nv6lxeib4,sto_sm494w4pvi
cus_2293vulgyh,sto_3jhgsn61ta
cus_6pjlvguvit,sto_1bx4b15gjd
cus_mx3rytk7wz,sto_gh96a4lxpq
cus_w6y7ze230y,sto_e6j1blf5dj
cus_j7l2ss2bz7,sto_3636w08ktg
cus_3lt6ib17us,sto_anur0l89hg
cus_nqeuvt15s1,sto_l907zvugg4
cus_w6r89sz9zg,sto_y69aftf0kx
cus_wew95o0qtp,sto_8ybwue0r79
cus_14pnjb6vbg,sto_xzgawbkgnm
cus_3sqjoe8d8a,sto_xwjzpagm9u
cus_quve9itntz,sto_o9me83uhgl
cus_dtkg4hwoaj,sto_ye53nqj7st
cus_xouvxjwpe6,sto_u0h5enbxmv
cus_9yzb74srcg,sto_f26hxvvuuf
cus_wagvcs3i88,sto_hmjnxpk3b7
cus_mz1yck367c,sto_klgxewwh77
cus_e4dhqvx4y5,sto_tfzvoeehi1
cus_z90wt0qnc0,sto_crv59ea1fw
cus_n1ykl6t7ws,sto_8eykvfamsv
cus_9ajaevbigu,sto_cqe3tqjef0
cus_giil9ijjqd,sto_4zdpka8o5j
cus_p90fi53n21,sto_y58iyyh72b
cus_v4qqo51kql,sto_a0c0n2trv3
cus_iyzdsm2igg,sto_1205itw5bi
cus_ui0ueehom6,sto_6694p3pk9z
cus_59w7rlwb04,sto_gm8zymmi3w
cus_veqgrb41ci,sto_8ybwue0r79
cus_611rokye0l,sto_1jj9hogk52
cus_jibipauan5,sto_v4ce6nkt4p
cus_x63znlcgu0,sto_qln5a86jnj
cus_jj9q7rzbie,sto_gfs0bv96l2
cus_zoyz1wuvsj,sto_brsm2bhtjx
cus_9448kq6vz9,sto_l7z99rye0l
cus_b5cwaearer,sto_z61qsywspy
cus_85z6x0sro0,sto_ahgjxzc77w
cus_kxcgl6v8nz,sto_4kmdyqfx90
cus_su4e8q5dj3,sto_ye53nqj7st
cus_izvuwl4qu6,sto_ttja06ns0x
cus_o58o2k2vzr,sto_0cjqvq2935
cus_yux1cmfkwi,sto_z69xdio6ez
cus_qis8511os6,sto_i0mvksx2y2
cus_w1d48e65o7,sto_k8y9dmddhi
cus_i8xrqak6f2,sto_es11g90vkj
cus_trntr0rqye,sto_p6p9g21pb2
cus_f96opxum27,sto_eljrobpi2p
cus_ecuic3c7qn,sto_osa3qx201k
cus_kaaoblbw7q,sto_sm494w4pvi
cus_nktgao7iai,sto_17x9fxl43s
cus_bvyn8ps4b5,sto_bbb49hh7uo
cus_9khe75fh7d,sto_0ol7dpjrqg
cus_9yz6ihqomc,sto_ke9lsue6ak
cus_l2a5th44yh,sto_y0fh86w8dm
cus_3308muix6a,sto_8tpnxhv8fb
cus_hcnn6dymyi,sto_d7v55vee1n
cus_82n7y13bu7,sto_vxrr93bs9m
cus_s4zl3z4oj9,sto_gfs0bv96l2
cus_ziqfvpvddi,sto_8tpnxhv8fb
cus_nzc5kcmmxt,sto_wejnee9j7n
cus_jw68np3s6b,sto_qmi14gg9is
cus_htcuauhbwk,sto_pu0nbgsvr2
cus_pi59w3j4z3,sto_emaphfmi7i
cus_b25u0x7wne,sto_cru3wicztw
cus_ihg3lt2ltv,sto_klgxewwh77
cus_wz1ieb1mon,sto_i0mvksx2y2
cus_ncjft8tcdk,sto_6694p3pk9z
cus_42txwvvtgx,sto_2kufsnrbtb
cus_yn2c2puvuv,sto_xpfr9m7vgr
cus_iwi599ezdx,sto_v13h1uip1a
cus_n0lrib5mxb,sto_zo6jepi3ov
cus_srbzx02h47,sto_8f29aomi9l
cus_nd26ua0bjj,sto_55le1127qn
cus_3a482mikxy,sto_1205itw5bi
cus_mncfma2nlz,sto_8f29aomi9l
cus_wcn7wjdjx7,sto_p6p9g21pb2
cus_xyolain4xj,sto_d8bjt4q0er
cus_rcl8wvkwl2,sto_emaphfmi7i
cus_yxd2c4ywv2,sto_vkj9rkpycb
cus_9mcv9jish6,sto_ks3d1kdpz1
cus_t384snjc71,sto_k68r44kg3r
cus_szdlzgczbl,sto_x0tsssca53
cus_5k5ofzhhhq,sto_xcx4vviwwt
cus_sci655f2qs,sto_0qrql47cfh
cus_4sw8na69at,sto_sqztciv77s
cus_v8clmlbta8,sto_c7ugwdw3ky
cus_xzkofifqw4,sto_5j9xhyzlz8
cus_pvplifdqj8,sto_pwofgoxcnu
cus_us0kf1cxmo,sto_crv59ea1fw
cus_i8rc1pw5jm,sto_pp2tpjw63s
cus_o1m8ba53vd,sto_briavur0qj
cus_xnqn0u8z46,sto_crv59ea1fw
cus_kpf75u2ke0,sto_kxfxbogz67
cus_14kmf03sni,sto_toamyk0qv2
cus_11yzdc7uq7,sto_caz02513zv
cus_lyur9ftt54,sto_sm494w4pvi
cus_t3cthuwabj,sto_wld3l4n54a
cus_3x53ncygq0,sto_waoinzqtg1
cus_w5bk77gjyb,sto_p6p9g21pb2
cus_3q2r8qvytp,sto_ke9lsue6ak
cus_yooora6cvu,sto_epsi0jyli0
cus_0d8adx2vwu,sto_8f29aomi9l
cus_nhp8xzgyzz,sto_5y7n95ml66
cus_3bikol8p5r,sto_01oysq6a0j
cus_upge64ucjk,sto_f26hxvvuuf
cus_vqy1t34mj6,sto_zo6jepi3ov
cus_tnhh1jnnf7,sto_55le1127qn
cus_qu1o99i8rq,sto_waoinzqtg1
cus_rdtmk61htr,sto_0vmku5flgk
cus_g6k38tj3ry,sto_iwz1hkk4mp
cus_5741zdthb0,sto_ks3d1kdpz1
cus_79uhwheauj,sto_oopxn44uvu
cus_bum13rbsuz,sto_fwzexmnsbz
cus_ysytfrrt7j,sto_xbgltdb3dt
cus_6sbc3sun4u,sto_gf5iz0rx8x
cus_qx7tplxm70,sto_pz3z7tw53z
cus_ucn3ja1s3t,sto_8tpnxhv8fb
cus_tw45znf6hd,sto_xx6mgtzx2z
cus_m82y7k2v7k,sto_5y7n95ml66
cus_1hxjou99tm,sto_iert1smrrm
cus_b0gz3suzj9,sto_vkj9rkpycb
cus_0hzawi4gig,sto_6wenwlqmp0
cus_17pjxj2y3s,sto_bbb49hh7uo
cus_4371sk1fq0,sto_lj5lbbs9fo
cus_9apdw5cuxo,sto_sm494w4pvi
cus_kcsh77zc5j,sto_ke9lsue6ak
cus_jkn4if87rw,sto_x0tsssca53
cus_3cococ24gg,sto_5j9xhyzlz8
cus_k19yqutjfl,sto_blewh3lc3t
cus_q69se23alo,sto_xcx4vviwwt
cus_ekt2nz7j0y,sto_sqztciv77s
cus_j57w65vvws,sto_qm2ris3ehk
cus_wv3sva7zdl,sto_tw40udpi4w
cus_1c12tba9ri,sto_gfs0bv96l2
cus_ysyoztcyu7,sto_gfs0bv96l2
cus_xya25a8p5o,sto_ps84hjq3t0
cus_ejvhotylzd,sto_bgfzd32a6z
cus_zjoe55vvlk,sto_v4ce6nkt4p
cus_xppaw159cm,sto_xzgawbkgnm
cus_11xmxeqlr6,sto_brsm2bhtjx
cus_4735j48o00,sto_xpfr9m7vgr
cus_aldw7wstt2,sto_es11g90vkj
cus_m1xvvkh5xl,sto_i0mvksx2y2
cus_ucrf9ooxgi,sto_kxfxbogz67
cus_kpgynat17i,sto_xwjzpagm9u
cus_t4uvmyvt5p,sto_5qrgn5j0fa
cus_tvoliovl0s,sto_pwofgoxcnu
cus_yj8lhkswxo,sto_tesirc1cml
cus_tynj2l6wnw,sto_0vmku5flgk
cus_v29bte0crm,sto_cqe3tqjef0
cus_vml59gffy0,sto_d99trdmziu
cus_esiaijnysq,sto_ew9ip4t52j
cus_riafqikrg8,sto_vkj9rkpycb
cus_gkj7xliv5h,sto_t79uorvfp1
cus_up6yfdwi9k,sto_v2svk9sdof
cus_8l8g2ucx30,sto_v4ce6nkt4p
cus_239wz91d2n,sto_8x11tee8h3
cus_64nyiyy3tw,sto_55le1127qn
cus_aou3kz3ie7,sto_uadp2z5taq
cus_67ao4lg65e,sto_lb2snwe1tj
cus_eqgyyc91wh,sto_ogie74w94t
cus_4u82cyb7ol,sto_gh96a4lxpq
cus_xffzc5r16q,sto_93vb71duqt
cus_5lubzq97s5,sto_0faach450p
cus_vrxabxb0bw,sto_v2svk9sdof
cus_675c0lhtq6,sto_gwyo0criey
cus_ki7gp0oxsw,sto_hmjnxpk3b7
cus_43gc3j7mmy,sto_oxu6tfh4g9
cus_77ocv7ev2h,sto_8x11tee8h3
cus_7dywy7f7u3,sto_44t0s1nflg
cus_couss7nd4k,sto_17x9fxl43s
cus_kdpfryxi77,sto_wld3l4n54a
cus_1knzh1tyjk,sto_qm2ris3ehk
cus_zwsrsoptsk,sto_8eykvfamsv
cus_gsx4hxhmjs,sto_v2svk9sdof
cus_w63328ihyh,sto_l907zvugg4
cus_zkw5ai165h,sto_1205itw5bi
cus_rgrldmkpnp,sto_xwjzpagm9u
cus_vry8gt02jk,sto_1bx4b15gjd
cus_t6mpkecbjf,sto_x0tsssca53
cus_u4752a6q7p,sto_vkj9rkpycb
cus_g9mtdepiln,sto_cru3wicztw
cus_oerhhydzkf,sto_er5ozcaqjo
cus_6v2eav84cc,sto_epsi0jyli0
cus_gax355updq,sto_xiqwlde4gk
cus_m87k9y3mx9,sto_l907zvugg4
cus_7hrgvgmbb2,sto_x42sbyvahb
cus_0rbdh9irvk,sto_01oysq6a0j
cus_05bb3vvx0k,sto_zfjrouln7v
cus_m0oqiwdo4f,sto_ch31dcssue
cus_zav3v6e9ja,sto_oxu6tfh4g9
cus_lcjasr4vdj,sto_qm2ris3ehk
cus_joeqreh0yz,sto_d8bjt4q0er
cus_ww26rg5ghu,sto_u0h5enbxmv
cus_q63b9v5yh6,sto_2x2j9cxvnb
cus_2qb4dzi4jf,sto_eljrobpi2p
cus_zkotnu03go,sto_briavur0qj
cus_pttvftekb3,sto_d7v55vee1n
cus_hhq83aep9o,sto_3fkhqaa3tw
cus_qmxdmizpfk,sto_ps84hjq3t0
cus_b3swlf9o9m,sto_i0mvksx2y2
cus_hyx4m25rzr,sto_xpfr9m7vgr
cus_74ot1dhr5w,sto_3jjcrv2hhc
cus_og45nspiay,sto_he9szri5wp
cus_h5hmcb1dw7,sto_lahqud14vi
cus_g3isiwkm24,sto_kjdf5dij1m
cus_hse0nvvepz,sto_xwjzpagm9u
cus_plpl5e91d2,sto_t79uorvfp1
cus_sy8xsw4s5m,sto_l907zvugg4
cus_rgxqoi78hk,sto_0e0yfbojvj
cus_x3u8lil128,sto_ezbl88253p
cus_2fp1a2f0vg,sto_klhkj2o7af
cus_amnoldubun,sto_ugpruhujg9
cus_bknt80fgam,sto_vkj9rkpycb
cus_q9aas3mgti,sto_4gp0mvwsfl
cus_mtyeylzvah,sto_z69xdio6ez
cus_9cvuu4a0b2,sto_8x11tee8h3
cus_ah88gwwsoh,sto_44t0s1nflg
cus_68m4gth9n3,sto_eljrobpi2p
cus_imlbu2tio6,sto_0ol7dpjrqg
cus_gcwvmi7l76,sto_1205itw5bi
cus_81clmcrzjd,sto_kwylw6uin0
cus_lpq4zb23k7,sto_i0jdbx9jvs
cus_g260pqknm8,sto_4y2qublc92
cus_zyld0hh2cu,sto_emaphfmi7i
cus_4m4q5xbczb,sto_i0jdbx9jvs
cus_67z7n4tjt6,sto_ke9lsue6ak
cus_blpikuldzs,sto_d8bjt4q0er
cus_qah3xq3ibz,sto_0ol7dpjrqg
cus_50karh0rib,sto_ehcmsbb79o
cus_qkfel8x3q9,sto_v2svk9sdof
cus_f57pg5q5nz,sto_lahqud14vi
cus_imylp3uxe6,sto_0ol7dpjrqg
cus_4i8hkqpt0n,sto_eljrobpi2p
cus_vgkqmqkdp4,sto_igmqef0ha8
cus_u6m2oj6om8,sto_oopxn44uvu
cus_u3gxpefbcj,sto_dpr1ehqs6v
cus_x6tv53cdd4,sto_epsi0jyli0
cus_i32y8y9kzy,sto_pu0nbgsvr2
cus_ubj864dceq,sto_ke9lsue6ak
cus_mawy4ma724,sto_kwylw6uin0
cus_hbl630y6p5,sto_4kmdyqfx90
cus_xbbt0vsgc7,sto_u0h5enbxmv
cus_wecx07ul5v,sto_lj5lbbs9fo
cus_7wadqz461j,sto_8x11tee8h3
cus_9iz7nz41ql,sto_i0mvksx2y2
cus_0a6me1xttw,sto_fwzexmnsbz
cus_ceoe7wqid3,sto_6wenwlqmp0
cus_n34a0bjxtp,sto_b3sja8q77p
cus_r83ekdkl1z,sto_49c7e3hgnq
cus_7af6x7hppp,sto_u0h5enbxmv
cus_7tnzbsbzys,sto_ahgjxzc77w
cus_q3lu916irx,sto_0cjqvq2935
cus_5wl7zfewo5,sto_v13h1uip1a
cus_m16hp5pmts,sto_tesirc1cml
cus_k0pims3q32,sto_m3va2zhww7
cus_bctae6wrd6,sto_l7z99rye0l
cus_zv3zafq4dj,sto_8eykvfamsv
cus_7vvgosjdy1,sto_c5uaz096u3
cus_r8st6aasin,sto_m3va2zhww7
cus_c3aewfth4o,sto_y69aftf0kx
cus_z65aev4ehf,sto_gfs0bv96l2
cus_jp1arkc2d4,sto_2kufsnrbtb
cus_k3oo521uk5,sto_9emfhiqb8j
cus_0xa5a7r2f4,sto_osa3qx201k
cus_nkevmldd3a,sto_ks3d1kdpz1
cus_4wn8q59w7v,sto_5y7n95ml66
cus_btnl1h2urs,sto_yw9r3fox2p
cus_jiw3v2f8ne,sto_lzkji0j5e1
cus_r83g7skqk1,sto_ogie74w94t
cus_cjx6zexzgl,sto_xx6mgtzx2z
cus_9qp4r5bjnj,sto_ozx6cioy4q
cus_1x7i29ikum,sto_a0c0n2trv3
cus_xa88ueud69,sto_osa3qx201k
cus_h2gaemzlh7,sto_t79uorvfp1
cus_viirqg7p1y,sto_ilxt8871er
cus_v7oppv25xw,sto_k4lzu7cyfw
cus_wyz97m6d9t,sto_osa3qx201k
cus_2oomnvaa46,sto_5xe8ut3vjf
cus_axvwbvidyo,sto_gfs0bv96l2
cus_xgh00832er,sto_zo6jepi3ov
cus_ozb4yy5vj9,sto_kxfxbogz67
cus_luokgx3nfh,sto_emaphfmi7i
cus_9lemsvl5qz,sto_55le1127qn
cus_plpehg0zm8,sto_xcx4vviwwt
cus_qgijnmhj6t,sto_z69xdio6ez
cus_dasxkvcqt8,sto_wejnee9j7n
cus_okmzwmpn72,sto_55le1127qn
cus_10mcep4vce,sto_ozx6cioy4q
cus_co7o0m7rj5,sto_4kmdyqfx90
cus_db34ce7ngo,sto_epsi0jyli0
cus_ssqmuarx3g,sto_0vnvfzcb8x
cus_00cpda6zcd,sto_d8bjt4q0er
cus_6e2kcr3q33,sto_0e0yfbojvj
cus_6qp6bbxe9c,sto_z61qsywspy
cus_5nezqskgmy,sto_gf5iz0rx8x
cus_l41o6k5pil,sto_qln5a86jnj
cus_snlxiuleit,sto_qm2ris3ehk
cus_fmpteqj3gk,sto_k8y9dmddhi
cus_h4ay1w2vjq,sto_8f29aomi9l
cus_mplosu5eo5,sto_9emfhiqb8j
cus_ao8t4txjn8,sto_ogie74w94t
cus_2ijbwrak96,sto_xptll07z42
cus_9xywv6s7wz,sto_0e0yfbojvj
cus_vcd6kt5oyq,sto_e6j1blf5dj
cus_v76yn3vvsd,sto_xwjzpagm9u
cus_hj1ua7kpna,sto_gwyo0criey
cus_4l0qpa3w0p,sto_wld3l4n54a
cus_x13zx4ybgw,sto_lb2snwe1tj
cus_28324boph1,sto_23cg2fj4hf
cus_qnu0u5p129,sto_01oysq6a0j
cus_xuh1rsszfz,sto_er5ozcaqjo
cus_157yv4f4ai,sto_xzgawbkgnm
cus_lucem21yj7,sto_wld3l4n54a
cus_o3menj74ef,sto_2x2j9cxvnb
cus_mm6wuh744t,sto_u0h5enbxmv
cus_8bxkdznt9y,sto_z4ogtjepi4
cus_j8edtwe225,sto_blewh3lc3t
cus_vg6v1u9dfs,sto_cqe3tqjef0
cus_kqrmk0pono,sto_23cg2fj4hf
cus_rlzrzrapuh,sto_1bx4b15gjd
cus_bs23ch8rzy,sto_xiqwlde4gk
cus_hrxezjkdjl,sto_wky3qubpvq
cus_jle065ewxb,sto_pu0nbgsvr2
cus_3jam9cpney,sto_c5uaz096u3
cus_2qirl15tal,sto_tfzvoeehi1
cus_vhlx1l41iv,sto_uadp2z5taq
cus_gd2judxurz,sto_1jj9hogk52
cus_hwiy95g64q,sto_4y2qublc92
cus_8v2rjognzr,sto_xpfr9m7vgr
cus_rfyl3sup8g,sto_igmqef0ha8
cus_szrlezerfa,sto_oxu6tfh4g9
cus_kpzr9z6a0v,sto_2kufsnrbtb
cus_smc08itz8u,sto_qln5a86jnj
cus_5vn24qw9yr,sto_d7v55vee1n
cus_pbz7lj2bp9,sto_ks3d1kdpz1
cus_9vf84b81gu,sto_c5uaz096u3
cus_yrmhnqmkjq,sto_xwjzpagm9u
cus_2ba0sr8iyv,sto_x0tsssca53
cus_m2vpshlben,sto_3jjcrv2hhc
cus_p7jhy0j9go,sto_8ybwue0r79
cus_m68bkunywa,sto_k8y9dmddhi
cus_f9rea3an14,sto_8x11tee8h3
cus_w4gtt4ikfr,sto_z4ogtjepi4
cus_2a6cp8z9u9,sto_hw17dxhap4
cus_si04o52iqn,sto_gm8zymmi3w
cus_f5f577lieq,sto_briavur0qj
cus_1vf5sqjouc,sto_pwofgoxcnu
cus_3o04p1iil1,sto_55le1127qn
cus_g89a7v3thg,sto_4gp0mvwsfl
cus_b3l907kt35,sto_tesirc1cml
cus_zwxb5ofpki,sto_lb2snwe1tj
cus_cg3vdevddo,sto_ifnqk1g622
cus_ptj64ayryo,sto_xcx4vviwwt
cus_d8dtl3v970,sto_6wenwlqmp0
cus_yllu6gsxte,sto_002dogti2k
cus_3gtq7gkr3t,sto_he9szri5wp
cus_bg0os7b1bk,sto_epsi0jyli0
cus_fwj6skx1l1,sto_i6ydtgfgfb
cus_esh1ehxt8f,sto_ogie74w94t
cus_ej1locw9ga,sto_5qrgn5j0fa
cus_h0v4kuo1w0,sto_8oaii5s00k
cus_splwg3p5ud,sto_4gp0mvwsfl
cus_g0ftln7qtb,sto_l7s0csa4n6
cus_ulmarn4xly,sto_ogie74w94t
cus_9nrxz3d2rd,sto_c5uaz096u3
cus_6blvznijgt,sto_7d8xsg3wfe
cus_o7xbtmy9cl,sto_k68r44kg3r
cus_61kqn4ebmt,sto_8f29aomi9l
cus_kndckywq4n,sto_6wenwlqmp0
cus_rc8sw4xq0i,sto_toamyk0qv2
cus_5nvnn16v81,sto_y38jmdvknj
cus_cvwfnv9twm,sto_dczbsvf5er
cus_if1gs4826v,sto_1205itw5bi
cus_cmmmlemljo,sto_nd9wt34bpk
cus_bp67yzno84,sto_pz3z7tw53z
cus_7igawnyhfo,sto_bxblvepght
cus_tq5f1ji7mk,sto_twe4c4274m
cus_k31wokm1g4,sto_zj55t9376n
cus_vnf4cqtgqz,sto_lzkji0j5e1
cus_0meaqpr1cr,sto_vxrr93bs9m
cus_35nqshdx2k,sto_f26hxvvuuf
cus_lngc5kbqw6,sto_ps84hjq3t0
cus_vntqhg9d3u,sto_2x2j9cxvnb
cus_0c4pmgk7k5,sto_wky3qubpvq
cus_6240bhltem,sto_44t0s1nflg
cus_a6i7h69l9s,sto_gf6uui31uj
cus_u6ddkze3bx,sto_hmjnxpk3b7
cus_prlzlzd0wu,sto_w4qfaleccd
cus_7kcfnfm26q,sto_vkj9rkpycb
cus_kb74pv8god,sto_5y7n95ml66
cus_xm2pa77p56,sto_lb2snwe1tj
cus_oqq82lmuam,sto_a0c0n2trv3
cus_xxm9enpfbd,sto_4wef9q0j1b
cus_p9uqcxfs7v,sto_uadp2z5taq
cus_cwk539c9p5,sto_ifnqk1g622
cus_9vlngbkjfi,sto_gf6uui31uj
cus_syeecdlzfj,sto_e25pc6ki12
cus_0w3yncd9yh,sto_ogie74w94t
cus_y93oer5gd4,sto_ifnqk1g622
cus_pccc2sd8pz,sto_blewh3lc3t
cus_d7uycry5to,sto_ke9lsue6ak
cus_b3lgvhwwlf,sto_nd9wt34bpk
cus_n1edy0d20g,sto_kjdf5dij1m
cus_5t9321c0u8,sto_yw9r3fox2p
cus_ti8juxa4wr,sto_ilxt8871er
cus_0l8pu09mhh,sto_kxfxbogz67
cus_pw7xumd2du,sto_hw17dxhap4
cus_7iyudpygeu,sto_ogie74w94t
cus_7v0jocmzai,sto_xpfr9m7vgr
cus_zrhovdupyw,sto_rkus0lbfny
cus_q5baiz8fit,sto_93vb71duqt
cus_z7j3d7ieiy,sto_i0jdbx9jvs
cus_cyrkw77xbm,sto_z69xdio6ez
cus_tgi7ahay2q,sto_tfzvoeehi1
cus_g8pubzeeir,sto_oxu6tfh4g9
cus_sf04unpbrr,sto_e6j1blf5dj
cus_8nrsy8gclp,sto_0e0yfbojvj
cus_te4xxp1emo,sto_ahgjxzc77w
cus_dn0jw1m95a,sto_qmi14gg9is
cus_darmyuoj8d,sto_002dogti2k
cus_exxst1kwou,sto_kxfxbogz67
cus_9m5j5tpeq9,sto_8eykvfamsv
cus_zdztmgxccp,sto_kwylw6uin0
cus_46nybmrtbg,sto_93vb71duqt
cus_mhcnwh60k6,sto_y0fh86w8dm
cus_kr1z3jc59j,sto_7d8xsg3wfe
cus_ugy7yih81j,sto_7d8xsg3wfe
cus_n2asnt9hxg,sto_axhreoev07
cus_enitzytfg9,sto_ahgjxzc77w
cus_9trh0e4ucz,sto_es11g90vkj
cus_q3wydkr69r,sto_uadp2z5taq
cus_pvu440c47z,sto_xwjzpagm9u
cus_xj2mfn3d1j,sto_y38jmdvknj
cus_z72hrivr6b,sto_nd9wt34bpk
cus_zqdijevs6f,sto_2x2j9cxvnb
cus_wn46qalc9x,sto_crv59ea1fw
cus_n10toyfn31,sto_m3va2zhww7
cus_4ibab19wt6,sto_tg3k7a6tkb
cus_3ypg67qdmz,sto_kwylw6uin0
cus_m5lnu6cgog,sto_caz02513zv
cus_zzlbo47lf5,sto_crv59ea1fw
cus_9jpy32wgnb,sto_sqztciv77s
cus_evfg9ez1wb,sto_gf5iz0rx8x
cus_ubbr0einda,sto_v13h1uip1a
cus_voy54wq7e3,sto_x42sbyvahb
cus_3nyctwwuei,sto_bbb49hh7uo
cus_vseduremzp,sto_blewh3lc3t
cus_kcdi3lmuu0,sto_01oysq6a0j
cus_equapvwth3,sto_xptll07z42
cus_b5smxje0yg,sto_v13h1uip1a
cus_0u1u7u0oeq,sto_93vb71duqt
cus_hxrepulq6k,sto_8oaii5s00k
cus_k13nu507h6,sto_8ybwue0r79
cus_u2pdyesf31,sto_tg3k7a6tkb
cus_mc8djfaagp,sto_ilxt8871er
cus_xdpgyoikgw,sto_49c7e3hgnq
cus_cgclcgwowe,sto_ogie74w94t
cus_2sxw1qiqai,sto_29p72ww9mo
cus_fofrx3s1wx,sto_ao2h7lzrhi
cus_0mko3fy4kd,sto_cqe3tqjef0
cus_oxnxwez3cr,sto_oopxn44uvu
cus_v13bia9u19,sto_0vnvfzcb8x
cus_5fwfv4shht,sto_1205itw5bi
cus_xmgh0cqeif,sto_tw40udpi4w
cus_hztzcyok55,sto_osa3qx201k
cus_fbw2g3pam9,sto_d99trdmziu
cus_av2piyvbaj,sto_c5uaz096u3
cus_8xxjtlwwid,sto_xwjzpagm9u
cus_202dbg7l0v,sto_1jj9hogk52
cus_oj8t5te20z,sto_tesirc1cml
cus_k2tfhb0t32,sto_xzlro9zjxu
cus_bo6kxoeid0,sto_v4ce6nkt4p
cus_dmukln9meu,sto_tg3k7a6tkb
cus_i6q0aelyyl,sto_9i1gnr5awk
cus_k30q3ck6ir,sto_eljrobpi2p
cus_af7eczfkkp,sto_8byz46rxnx
cus_ttz8y3yj80,sto_qm2ris3ehk
cus_dp28u4s5dn,sto_he9szri5wp
cus_as5hehf8km,sto_briavur0qj
cus_y2t8ztfq0s,sto_ks3d1kdpz1
cus_5w4pcppde1,sto_ao2h7lzrhi
cus_wsyschz4sq,sto_xcx4vviwwt
cus_aml5x7xidy,sto_lzkji0j5e1
cus_9xwoyjjfe2,sto_tempcaf0ax
cus_tavwzn9lop,sto_kwylw6uin0
cus_ohnblxbrd1,sto_ifga3v69e0
cus_yglsdbxkxi,sto_5xe8ut3vjf
cus_g28xca67jo,sto_0vnvfzcb8x
cus_k65t5hq9b7,sto_es11g90vkj
cus_knrjwxk10h,sto_fwzexmnsbz
cus_badczgvjja,sto_k8y9dmddhi
cus_k7jnbj52ad,sto_0cjqvq2935
cus_6xvjznlt78,sto_qmi14gg9is
cus_vq1wpw9w4o,sto_ifnqk1g622
cus_mnvihngc9w,sto_ehcmsbb79o
cus_qywk5a01zi,sto_pu0nbgsvr2
cus_3c4j5ahjxs,sto_ye53nqj7st
cus_gi5s2pcefq,sto_8oaii5s00k
cus_q95n5mwlv3,sto_v2svk9sdof
cus_vjl91wx1ht,sto_ao2h7lzrhi
cus_cgw868v79z,sto_l907zvugg4
cus_jgkqhgh6fe,sto_5xe8ut3vjf
cus_pn77yvcrtm,sto_ldw6w5stg5
cus_7u2iv44fbg,sto_0cjqvq2935
cus_lstmuz6vko,sto_tpsiqjcrk0
cus_r472qr5ji0,sto_23cg2fj4hf
cus_zu2tidowpa,sto_hw17dxhap4
cus_szd188u0mf,sto_emaphfmi7i
cus_4w6ied5c7l,sto_es11g90vkj
cus_954mv0ezsw,sto_8eykvfamsv
cus_1bcm9un1eq,sto_epsi0jyli0
cus_8ruy4osm54,sto_xcx4vviwwt
cus_nyswsqp54j,sto_oopxn44uvu
cus_hby0xxt572,sto_l7s0csa4n6
cus_nx8shhfkm0,sto_c5uaz096u3
cus_x1cfb6p0ua,sto_49c7e3hgnq
cus_rprnzfkbyc,sto_u0h5enbxmv
cus_3i3uvl3f07,sto_cqe3tqjef0
cus_o3o92go2nj,sto_kwylw6uin0
cus_xbg81z5ovw,sto_epsi0jyli0
cus_jy0zrab54l,sto_129cmbiebx
cus_m2cdpjns3d,sto_9i1gnr5awk
cus_950ws7kswh,sto_ke9lsue6ak
cus_in87a5hw58,sto_nd9wt34bpk
cus_v0u2m77jo0,sto_d7v55vee1n
cus_pz0d7kcyya,sto_6jrpks1ax4
cus_lrmrofmljz,sto_vxrr93bs9m
cus_0v6paakv27,sto_tesirc1cml
cus_c4mkhjoh39,sto_pwofgoxcnu
cus_34es7mynk3,sto_e25pc6ki12
cus_gb8c65q1us,sto_nd9wt34bpk
cus_6k6wgh3gv0,sto_b3sja8q77p
cus_99s0fpxx38,sto_129cmbiebx
cus_8t9ksyvat8,sto_y0fh86w8dm
cus_wxwgi2johv,sto_iwz1hkk4mp
cus_tr7w1jwja2,sto_x42sbyvahb
cus_e2thya9pem,sto_lj5lbbs9fo
cus_ahaty2c2rr,sto_ks3d1kdpz1
cus_xf1nzgkue4,sto_29p72ww9mo
cus_0679ez8tne,sto_gf5iz0rx8x
cus_lm00pdmrls,sto_t79uorvfp1
cus_qguanc5ikw,sto_gf6uui31uj
cus_3e3zd02gph,sto_yw9r3fox2p
cus_yxupkh8fk1,sto_a0c0n2trv3
cus_kf3nm8f6ka,sto_wejnee9j7n
cus_03z15jl9vp,sto_d99trdmziu
cus_rg9bi312s1,sto_pz3z7tw53z
cus_y2wje6eddy,sto_m9lgsvebke
cus_5n0zh3m52w,sto_gm8zymmi3w
cus_1njgz9013x,sto_0e0yfbojvj
cus_a0ajeic2br,sto_fbmvmnnqtc
cus_n2eebw4pv0,sto_es11g90vkj
cus_2elmhx109i,sto_1205itw5bi
cus_oe1o9rvevq,sto_hmjnxpk3b7
cus_vuw11qsm76,sto_vxrr93bs9m
cus_p3c0t5uebv,sto_kxfxbogz67
cus_gjap1tzo3l,sto_0vnvfzcb8x
cus_bj0upvvqqz,sto_9i1gnr5awk
cus_ciasnbg1jy,sto_ahgjxzc77w
cus_vkjrek009m,sto_17x9fxl43s
cus_1bg5fsowx1,sto_xzgawbkgnm
cus_xvfd70vp5e,sto_4wef9q0j1b
cus_68ew5n6e8v,sto_kwylw6uin0
cus_f7dbi3siep,sto_gm8zymmi3w
cus_zgbn4v64sf,sto_3jjcrv2hhc
cus_jlzde3x8ee,sto_z69xdio6ez
cus_h8abgonm2b,sto_d99trdmziu
cus_gjtyzfdhmh,sto_5q684tpflq
cus_20inkywjgm,sto_0e0yfbojvj
